{"cameraMode":{"drawMode":0,"name":"Shaded","section":"Shading Mode"},"sceneLighting":false,"audioPlay":false,"sceneViewState":{"showFog":true,"showMaterialUpdate":false,"showSkybox":false,"showFlares":true,"showImageEffects":true,"showParticleSystems":true},"in2DMode":false,"pivot":{"x":0.20981550216674806,"y":0.0580940879881382,"z":-0.2094445377588272},"rotation":{"x":0.07219137996435166,"y":0.9005599617958069,"z":-0.1641629934310913,"w":0.39602530002593996},"size":1.5506322383880616,"orthographic":false}