{"cameraMode":{"drawMode":0,"name":"Shaded","section":"Shading Mode"},"sceneLighting":false,"audioPlay":false,"sceneViewState":{"showFog":true,"showMaterialUpdate":false,"showSkybox":false,"showFlares":true,"showImageEffects":true,"showParticleSystems":true},"in2DMode":false,"pivot":{"x":-0.4271257519721985,"y":0.6227321624755859,"z":-2.674208641052246},"rotation":{"x":-0.09479917585849762,"y":0.5530672073364258,"z":-0.06341653317213059,"w":-0.82535320520401},"size":4.3465118408203129,"orthographic":false}