{"cameraMode":{"drawMode":0,"name":"Shaded","section":"Shading Mode"},"sceneLighting":false,"audioPlay":false,"sceneViewState":{"showFog":true,"showMaterialUpdate":false,"showSkybox":false,"showFlares":true,"showImageEffects":true,"showParticleSystems":true},"in2DMode":false,"pivot":{"x":0.000002384185791015625,"y":0.8850298523902893,"z":-0.06639668345451355},"rotation":{"x":-0.01811756007373333,"y":-0.9768498539924622,"z":0.19232651591300965,"w":-0.09198501706123352},"size":4.820025444030762,"orthographic":false}