{"cameraMode":{"drawMode":0,"name":"Shaded","section":"Shading Mode"},"sceneLighting":false,"audioPlay":false,"sceneViewState":{"showFog":true,"showMaterialUpdate":false,"showSkybox":false,"showFlares":true,"showImageEffects":true,"showParticleSystems":true},"in2DMode":false,"pivot":{"x":1.23530113697052,"y":1.7538506984710694,"z":2.086162567138672e-7},"rotation":{"x":-0.06464662402868271,"y":0.05921310931444168,"z":-0.0037620237562805416,"w":-0.9961938261985779},"size":7.156970024108887,"orthographic":false}