{"cameraMode":{"drawMode":0,"name":"Shaded","section":"Shading Mode"},"sceneLighting":false,"audioPlay":false,"sceneViewState":{"showFog":true,"showMaterialUpdate":false,"showSkybox":false,"showFlares":true,"showImageEffects":true,"showParticleSystems":true},"in2DMode":false,"pivot":{"x":0.10751616954803467,"y":0.8811742067337036,"z":-0.02797698974609375},"rotation":{"x":0.10690680891275406,"y":-0.5149303674697876,"z":0.06491130590438843,"w":0.8480638861656189},"size":5.058165550231934,"orthographic":false}