{"cameraMode":{"drawMode":0,"name":"Shaded","section":"Shading Mode"},"sceneLighting":false,"audioPlay":false,"sceneViewState":{"showFog":true,"showMaterialUpdate":false,"showSkybox":false,"showFlares":true,"showImageEffects":true,"showParticleSystems":true},"in2DMode":false,"pivot":{"x":0.15841463208198548,"y":1.312332034111023,"z":-0.01412817370146513},"rotation":{"x":-0.002416388364508748,"y":0.9959266781806946,"z":-0.08567093312740326,"w":-0.028091398999094964},"size":1.0047969818115235,"orthographic":false}