{"cameraMode":{"drawMode":0,"name":"Shaded","section":"Shading Mode"},"sceneLighting":false,"audioPlay":false,"sceneViewState":{"showFog":true,"showMaterialUpdate":false,"showSkybox":false,"showFlares":true,"showImageEffects":true,"showParticleSystems":true},"in2DMode":false,"pivot":{"x":-0.235489159822464,"y":0.7256883382797241,"z":-0.24035868048667909},"rotation":{"x":0.024514691904187204,"y":0.9741883873939514,"z":-0.1311398595571518,"w":0.18210884928703309},"size":3.2403862476348879,"orthographic":false}