{"cameraMode":{"drawMode":0,"name":"Shaded","section":"Shading Mode"},"sceneLighting":false,"audioPlay":false,"sceneViewState":{"showFog":true,"showMaterialUpdate":false,"showSkybox":false,"showFlares":true,"showImageEffects":true,"showParticleSystems":true},"in2DMode":false,"pivot":{"x":-330.8943786621094,"y":-227.9723358154297,"z":-60.98554229736328},"rotation":{"x":0.1515752524137497,"y":-0.4162803292274475,"z":0.07060065120458603,"w":0.8937288522720337},"size":2.8372278213500978,"orthographic":false}