{"cameraMode":{"drawMode":0,"name":"Shaded","section":"Shading Mode"},"sceneLighting":false,"audioPlay":false,"sceneViewState":{"showFog":true,"showMaterialUpdate":false,"showSkybox":false,"showFlares":true,"showImageEffects":true,"showParticleSystems":true},"in2DMode":false,"pivot":{"x":0.1251952350139618,"y":1.2504653930664063,"z":-0.16247984766960145},"rotation":{"x":-0.01811756007373333,"y":-0.9768498539924622,"z":0.19232651591300965,"w":-0.09198501706123352},"size":1.7771005630493165,"orthographic":false}