{"cameraMode":{"drawMode":0,"name":"Shaded","section":"Shading Mode"},"sceneLighting":false,"audioPlay":false,"sceneViewState":{"showFog":true,"showMaterialUpdate":false,"showSkybox":false,"showFlares":true,"showImageEffects":true,"showParticleSystems":true},"in2DMode":false,"pivot":{"x":-0.9547715187072754,"y":2.319201707839966,"z":2.8425099849700929},"rotation":{"x":0.12430407106876373,"y":-0.7095061540603638,"z":0.1292605996131897,"w":0.6815736293792725},"size":5.765274524688721,"orthographic":false}