{"cameraMode":{"drawMode":0,"name":"Shaded","section":"Shading Mode"},"sceneLighting":false,"audioPlay":false,"sceneViewState":{"showFog":true,"showMaterialUpdate":false,"showSkybox":false,"showFlares":true,"showImageEffects":true,"showParticleSystems":true},"in2DMode":false,"pivot":{"x":1.008311152458191,"y":1.4642308950424195,"z":0.0343492329120636},"rotation":{"x":-0.002416388364508748,"y":0.9959266781806946,"z":-0.08567093312740326,"w":-0.028091398999094964},"size":1.417198896408081,"orthographic":false}