{"cameraMode":{"drawMode":0,"name":"Shaded","section":"Shading Mode"},"sceneLighting":false,"audioPlay":false,"sceneViewState":{"showFog":true,"showMaterialUpdate":false,"showSkybox":false,"showFlares":true,"showImageEffects":true,"showParticleSystems":true},"in2DMode":false,"pivot":{"x":2.7949719429016115,"y":-1.5472673177719117,"z":-2.669420003890991},"rotation":{"x":-0.09570310264825821,"y":-0.6900362968444824,"z":0.09294098615646362,"w":-0.7114444375038147},"size":10.576000213623047,"orthographic":false}