{"cameraMode":{"drawMode":0,"name":"Shaded","section":"Shading Mode"},"sceneLighting":false,"audioPlay":false,"sceneViewState":{"showFog":true,"showMaterialUpdate":false,"showSkybox":false,"showFlares":true,"showImageEffects":true,"showParticleSystems":true},"in2DMode":false,"pivot":{"x":9.5367431640625e-7,"y":0.9767165184020996,"z":-0.04755539447069168},"rotation":{"x":-0.01811756007373333,"y":-0.9768498539924622,"z":0.19232651591300965,"w":-0.09198501706123352},"size":5.002559185028076,"orthographic":false}