{"cameraMode":{"drawMode":0,"name":"Shaded","section":"Shading Mode"},"sceneLighting":false,"audioPlay":false,"sceneViewState":{"showFog":true,"showMaterialUpdate":false,"showSkybox":false,"showFlares":true,"showImageEffects":true,"showParticleSystems":true},"in2DMode":false,"pivot":{"x":-0.18842129409313203,"y":0.40802252292633059,"z":1.7206838130950928},"rotation":{"x":0.12430407106876373,"y":-0.7095061540603638,"z":0.1292605996131897,"w":0.6815736293792725},"size":5.765274524688721,"orthographic":false}