{"cameraMode":{"drawMode":0,"name":"Shaded","section":"Shading Mode"},"sceneLighting":true,"audioPlay":false,"sceneViewState":{"showFog":true,"showMaterialUpdate":false,"showSkybox":true,"showFlares":true,"showImageEffects":true,"showParticleSystems":true},"in2DMode":false,"pivot":{"x":270.2943115234375,"y":53.63526916503906,"z":170.99591064453126},"rotation":{"x":0.16215880215168,"y":-0.015970978885889055,"z":0.002620083512738347,"w":0.9866428971290588},"size":533.3424682617188,"orthographic":false}