{"cameraMode":{"drawMode":0,"name":"Shaded","section":"Shading Mode"},"sceneLighting":false,"audioPlay":false,"sceneViewState":{"showFog":true,"showMaterialUpdate":false,"showSkybox":false,"showFlares":true,"showImageEffects":true,"showParticleSystems":true},"in2DMode":false,"pivot":{"x":0.10703706741333008,"y":0.863219141960144,"z":-0.040280312299728397},"rotation":{"x":-0.002416388364508748,"y":0.9959266781806946,"z":-0.08567093312740326,"w":-0.028091398999094964},"size":4.714430332183838,"orthographic":false}