{"cameraMode":{"drawMode":0,"name":"Shaded","section":"Shading Mode"},"sceneLighting":false,"audioPlay":false,"sceneViewState":{"showFog":true,"showMaterialUpdate":false,"showSkybox":false,"showFlares":true,"showImageEffects":true,"showParticleSystems":true},"in2DMode":false,"pivot":{"x":0.12430000305175781,"y":1.483199954032898,"z":0.8700000047683716},"rotation":{"x":0.00007115350308595225,"y":-0.980356752872467,"z":0.00030185814830474555,"w":0.19730515778064729},"size":0.14289410412311555,"orthographic":false}