{"cameraMode":{"drawMode":0,"name":"Shaded","section":"Shading Mode"},"sceneLighting":true,"audioPlay":false,"sceneViewState":{"showFog":true,"showMaterialUpdate":false,"showSkybox":true,"showFlares":true,"showImageEffects":true,"showParticleSystems":true},"in2DMode":false,"pivot":{"x":-605.1254272460938,"y":-254.4818878173828,"z":259.3854675292969},"rotation":{"x":0.1515752524137497,"y":-0.4162803292274475,"z":0.07060065120458603,"w":0.8937288522720337},"size":484.6425476074219,"orthographic":false}