{"cameraMode":{"drawMode":0,"name":"Shaded","section":"Shading Mode"},"sceneLighting":false,"audioPlay":false,"sceneViewState":{"showFog":true,"showMaterialUpdate":false,"showSkybox":false,"showFlares":true,"showImageEffects":true,"showParticleSystems":true},"in2DMode":false,"pivot":{"x":-2.601210355758667,"y":1.6220664978027344,"z":-0.9693450927734375},"rotation":{"x":-0.17083600163459779,"y":-0.13785043358802796,"z":0.024135543033480645,"w":-0.9753187298774719},"size":0.30005723237991335,"orthographic":false}