{"cameraMode":{"drawMode":0,"name":"Shaded","section":"Shading Mode"},"sceneLighting":false,"audioPlay":false,"sceneViewState":{"showFog":true,"showMaterialUpdate":false,"showSkybox":false,"showFlares":true,"showImageEffects":true,"showParticleSystems":true},"in2DMode":false,"pivot":{"x":7.213724136352539,"y":0.19121062755584718,"z":-17.429147720336915},"rotation":{"x":-0.05563279986381531,"y":-0.6353907585144043,"z":0.04608061909675598,"w":-0.7688701748847961},"size":2.9914088249206545,"orthographic":false}