{"cameraMode":{"drawMode":0,"name":"Shaded","section":"Shading Mode"},"sceneLighting":false,"audioPlay":false,"sceneViewState":{"showFog":true,"showMaterialUpdate":false,"showSkybox":false,"showFlares":true,"showImageEffects":true,"showParticleSystems":true},"in2DMode":false,"pivot":{"x":-5.392522811889648,"y":-0.7585341930389404,"z":-7.245080471038818},"rotation":{"x":0.005293954163789749,"y":-0.9930287599563599,"z":0.04799065738916397,"w":0.10800306499004364},"size":14.818256378173829,"orthographic":false}