{"cameraMode":{"drawMode":0,"name":"Shaded","section":"Shading Mode"},"sceneLighting":false,"audioPlay":false,"sceneViewState":{"showFog":true,"showMaterialUpdate":false,"showSkybox":false,"showFlares":true,"showImageEffects":true,"showParticleSystems":true},"in2DMode":false,"pivot":{"x":-2.668984889984131,"y":-1.0079883337020875,"z":-3.65541410446167},"rotation":{"x":-0.08212505280971527,"y":-0.7155286073684692,"z":0.08546105772256851,"w":-0.6885280609130859},"size":5.798560619354248,"orthographic":false}