{"cameraMode":{"drawMode":0,"name":"Shaded","section":"Shading Mode"},"sceneLighting":true,"audioPlay":false,"sceneViewState":{"showFog":true,"showMaterialUpdate":false,"showSkybox":true,"showFlares":true,"showImageEffects":true,"showParticleSystems":true},"in2DMode":false,"pivot":{"x":-0.369181752204895,"y":1.5041037797927857,"z":-0.3408423960208893},"rotation":{"x":-0.17236115038394929,"y":-0.2971283793449402,"z":0.05462399125099182,"w":-0.9375624656677246},"size":1.538484811782837,"orthographic":false}