{"cameraMode":{"drawMode":0,"name":"Shaded","section":"Shading Mode"},"sceneLighting":false,"audioPlay":false,"sceneViewState":{"showFog":true,"showMaterialUpdate":false,"showSkybox":false,"showFlares":true,"showImageEffects":true,"showParticleSystems":true},"in2DMode":false,"pivot":{"x":0.16878266632556916,"y":1.1689897775650025,"z":0.16967523097991944},"rotation":{"x":-0.015149703249335289,"y":-0.9808194041252136,"z":0.08495152741670609,"w":-0.174822598695755},"size":1.8200254440307618,"orthographic":false}