{"cameraMode":{"drawMode":0,"name":"Shaded","section":"Shading Mode"},"sceneLighting":true,"audioPlay":false,"sceneViewState":{"showFog":true,"showMaterialUpdate":false,"showSkybox":true,"showFlares":true,"showImageEffects":true,"showParticleSystems":true},"in2DMode":false,"pivot":{"x":-19.34026336669922,"y":21.776981353759767,"z":41.37391662597656},"rotation":{"x":0.3573497235774994,"y":-0.6092638373374939,"z":0.3555382788181305,"w":0.6122032999992371},"size":6.2049880027771,"orthographic":false}