{"cameraMode":{"drawMode":0,"name":"Shaded","section":"Shading Mode"},"sceneLighting":false,"audioPlay":false,"sceneViewState":{"showFog":true,"showMaterialUpdate":false,"showSkybox":false,"showFlares":true,"showImageEffects":true,"showParticleSystems":true},"in2DMode":false,"pivot":{"x":78.50123596191406,"y":-1.343122959136963,"z":17.91924285888672},"rotation":{"x":-0.007919452153146267,"y":-0.9838480949401856,"z":0.1732446700334549,"w":-0.045461975038051608},"size":4.67427921295166,"orthographic":false}