{"cameraMode":{"drawMode":0,"name":"Shaded","section":"Shading Mode"},"sceneLighting":false,"audioPlay":false,"sceneViewState":{"showFog":true,"showMaterialUpdate":false,"showSkybox":false,"showFlares":true,"showImageEffects":true,"showParticleSystems":true},"in2DMode":false,"pivot":{"x":-2.994520425796509,"y":11.900857925415039,"z":-2.3577187061309816},"rotation":{"x":-0.1417170763015747,"y":-0.263851523399353,"z":0.03931894898414612,"w":-0.9533388018608093},"size":34.07307815551758,"orthographic":false}