{"cameraMode":{"drawMode":0,"name":"Shaded","section":"Shading Mode"},"sceneLighting":false,"audioPlay":false,"sceneViewState":{"showFog":true,"showMaterialUpdate":false,"showSkybox":false,"showFlares":true,"showImageEffects":true,"showParticleSystems":true},"in2DMode":false,"pivot":{"x":-0.026474613696336747,"y":0.039328433573246,"z":0.1451629400253296},"rotation":{"x":-0.11526986211538315,"y":-0.6974827647209168,"z":0.11535263806581497,"w":-0.6978715658187866},"size":4.256312370300293,"orthographic":false}