{"cameraMode":{"drawMode":0,"name":"Shaded","section":"Shading Mode"},"sceneLighting":false,"audioPlay":false,"sceneViewState":{"showFog":true,"showMaterialUpdate":false,"showSkybox":false,"showFlares":true,"showImageEffects":true,"showParticleSystems":true},"in2DMode":false,"pivot":{"x":-0.07586100697517395,"y":1.325626254081726,"z":-0.35493120551109316},"rotation":{"x":0.024514691904187204,"y":0.9741883873939514,"z":-0.1311398595571518,"w":0.18210884928703309},"size":1.7403864860534669,"orthographic":false}