{"cameraMode":{"drawMode":0,"name":"Shaded","section":"Shading Mode"},"sceneLighting":false,"audioPlay":false,"sceneViewState":{"showFog":true,"showMaterialUpdate":false,"showSkybox":false,"showFlares":true,"showImageEffects":true,"showParticleSystems":true},"in2DMode":false,"pivot":{"x":-24.329116821289064,"y":0.05000011622905731,"z":61.551998138427737},"rotation":{"x":0.14289717376232148,"y":0.012188763357698918,"z":-0.0017606221372261644,"w":0.9896675944328308},"size":0.6858916878700256,"orthographic":false}