{"cameraMode":{"drawMode":0,"name":"Shaded","section":"Shading Mode"},"sceneLighting":false,"audioPlay":false,"sceneViewState":{"showFog":true,"showMaterialUpdate":false,"showSkybox":false,"showFlares":true,"showImageEffects":true,"showParticleSystems":true},"in2DMode":false,"pivot":{"x":0.06823252141475678,"y":1.3485320806503297,"z":-0.18545344471931458},"rotation":{"x":-0.00814491230994463,"y":-0.9879552721977234,"z":0.1441633552312851,"w":-0.05576836317777634},"size":1.8452343940734864,"orthographic":false}