{"cameraMode":{"drawMode":0,"name":"Shaded","section":"Shading Mode"},"sceneLighting":false,"audioPlay":false,"sceneViewState":{"showFog":true,"showMaterialUpdate":false,"showSkybox":false,"showFlares":true,"showImageEffects":true,"showParticleSystems":true},"in2DMode":false,"pivot":{"x":-8.384749412536621,"y":-0.6798149943351746,"z":-0.8147742748260498},"rotation":{"x":-0.06964243203401566,"y":-0.7076801061630249,"z":0.0705595389008522,"w":-0.699615478515625},"size":29.87837028503418,"orthographic":false}