{"cameraMode":{"drawMode":0,"name":"Shaded","section":"Shading Mode"},"sceneLighting":true,"audioPlay":false,"sceneViewState":{"showFog":true,"showMaterialUpdate":false,"showSkybox":true,"showFlares":true,"showImageEffects":true,"showParticleSystems":true},"in2DMode":false,"pivot":{"x":-1.1289193630218506,"y":2.0780935287475588,"z":-0.8813608884811401},"rotation":{"x":0.1515752524137497,"y":-0.4162803292274475,"z":0.07060065120458603,"w":0.8937288522720337},"size":14.998228073120118,"orthographic":false}