{"cameraMode":{"drawMode":0,"name":"Shaded","section":"Shading Mode"},"sceneLighting":false,"audioPlay":false,"sceneViewState":{"showFog":true,"showMaterialUpdate":false,"showSkybox":false,"showFlares":true,"showImageEffects":true,"showParticleSystems":true},"in2DMode":false,"pivot":{"x":0.1132446825504303,"y":0.21688640117645265,"z":-0.029855091124773027},"rotation":{"x":-0.03724250569939613,"y":-0.9289072751998901,"z":0.09732784330844879,"w":-0.3553699254989624},"size":2.979315757751465,"orthographic":false}