{"cameraMode":{"drawMode":0,"name":"Shaded","section":"Shading Mode"},"sceneLighting":false,"audioPlay":false,"sceneViewState":{"showFog":true,"showMaterialUpdate":false,"showSkybox":false,"showFlares":true,"showImageEffects":true,"showParticleSystems":true},"in2DMode":false,"pivot":{"x":-0.00000762939453125,"y":5.206145286560059,"z":-0.0000019073486328125},"rotation":{"x":-0.004616105929017067,"y":0.9053395390510559,"z":-0.42466694116592409,"w":-0.009783754125237465},"size":31.678997039794923,"orthographic":false}