{"cameraMode":{"drawMode":0,"name":"Shaded","section":"Shading Mode"},"sceneLighting":false,"audioPlay":false,"sceneViewState":{"showFog":true,"showMaterialUpdate":false,"showSkybox":false,"showFlares":true,"showImageEffects":true,"showParticleSystems":true},"in2DMode":false,"pivot":{"x":-330.4084777832031,"y":-228.2180633544922,"z":-60.5408935546875},"rotation":{"x":0.1515752524137497,"y":-0.4162803292274475,"z":0.07060065120458603,"w":0.8937288522720337},"size":2.5372276306152345,"orthographic":false}