{"cameraMode":{"drawMode":0,"name":"Shaded","section":"Shading Mode"},"sceneLighting":false,"audioPlay":false,"sceneViewState":{"showFog":true,"showMaterialUpdate":false,"showSkybox":false,"showFlares":true,"showImageEffects":true,"showParticleSystems":true},"in2DMode":false,"pivot":{"x":0.8994568586349487,"y":1.359779953956604,"z":-0.06700718402862549},"rotation":{"x":-0.01811756007373333,"y":-0.9768498539924622,"z":0.19232651591300965,"w":-0.09198501706123352},"size":22.0,"orthographic":false}