{"cameraMode":{"drawMode":0,"name":"Shaded","section":"Shading Mode"},"sceneLighting":false,"audioPlay":false,"sceneViewState":{"showFog":true,"showMaterialUpdate":false,"showSkybox":false,"showFlares":true,"showImageEffects":true,"showParticleSystems":true},"in2DMode":false,"pivot":{"x":0.10751748085021973,"y":0.8676449060440064,"z":-0.06288344413042069},"rotation":{"x":0.10690680891275406,"y":-0.5149303674697876,"z":0.06491130590438843,"w":0.8480638861656189},"size":5.007160663604736,"orthographic":false}