{"cameraMode":{"drawMode":0,"name":"Shaded","section":"Shading Mode"},"sceneLighting":false,"audioPlay":false,"sceneViewState":{"showFog":true,"showMaterialUpdate":false,"showSkybox":false,"showFlares":true,"showImageEffects":true,"showParticleSystems":true},"in2DMode":false,"pivot":{"x":0.3821713626384735,"y":-1.229440689086914,"z":-3.5973100662231447},"rotation":{"x":-0.10289338231086731,"y":-0.5848709344863892,"z":0.07522117346525192,"w":-0.8011130094528198},"size":14.57634449005127,"orthographic":false}