{"cameraMode":{"drawMode":0,"name":"Shaded","section":"Shading Mode"},"sceneLighting":false,"audioPlay":false,"sceneViewState":{"showFog":true,"showMaterialUpdate":false,"showSkybox":false,"showFlares":true,"showImageEffects":true,"showParticleSystems":true},"in2DMode":false,"pivot":{"x":505.88018798828127,"y":79.24602508544922,"z":-22.815547943115236},"rotation":{"x":0.1363736391067505,"y":0.007447785697877407,"z":-0.0011577795958146453,"w":0.9906823039054871},"size":278.586669921875,"orthographic":false}