{"cameraMode":{"drawMode":0,"name":"Shaded","section":"Shading Mode"},"sceneLighting":false,"audioPlay":false,"sceneViewState":{"showFog":true,"showMaterialUpdate":false,"showSkybox":false,"showFlares":true,"showImageEffects":true,"showParticleSystems":true},"in2DMode":false,"pivot":{"x":-2.385814905166626,"y":0.14985530078411103,"z":-4.690354347229004},"rotation":{"x":-0.04750663787126541,"y":-0.7914671301841736,"z":0.062143415212631229,"w":-0.606268584728241},"size":5.170176982879639,"orthographic":false}