{"cameraMode":{"drawMode":0,"name":"Shaded","section":"Shading Mode"},"sceneLighting":false,"audioPlay":false,"sceneViewState":{"showFog":true,"showMaterialUpdate":false,"showSkybox":false,"showFlares":true,"showImageEffects":true,"showParticleSystems":true},"in2DMode":false,"pivot":{"x":0.3161053955554962,"y":1.386588215827942,"z":-0.1546172797679901},"rotation":{"x":-0.01969931833446026,"y":-0.9788572788238525,"z":0.1684284508228302,"w":-0.11444468051195145},"size":1.5452344417572022,"orthographic":false}