{"cameraMode":{"drawMode":0,"name":"Shaded","section":"Shading Mode"},"sceneLighting":false,"audioPlay":false,"sceneViewState":{"showFog":true,"showMaterialUpdate":false,"showSkybox":false,"showFlares":true,"showImageEffects":true,"showParticleSystems":true},"in2DMode":false,"pivot":{"x":-4.164438724517822,"y":-1.210134506225586,"z":-8.100740432739258},"rotation":{"x":0.08079541474580765,"y":-0.8191264271736145,"z":0.11896220594644547,"w":0.5553871393203735},"size":5.763553142547607,"orthographic":false}