{"cameraMode":{"drawMode":0,"name":"Shaded","section":"Shading Mode"},"sceneLighting":false,"audioPlay":false,"sceneViewState":{"showFog":true,"showMaterialUpdate":false,"showSkybox":false,"showFlares":true,"showImageEffects":true,"showParticleSystems":true},"in2DMode":false,"pivot":{"x":1.5172717571258546,"y":12.979930877685547,"z":-2.1022238731384279},"rotation":{"x":-0.10144740343093872,"y":0.644065260887146,"z":-0.08663468807935715,"w":-0.7533158659934998},"size":24.810169219970704,"orthographic":false}