{"cameraMode":{"drawMode":0,"name":"Shaded","section":"Shading Mode"},"sceneLighting":false,"audioPlay":false,"sceneViewState":{"showFog":true,"showMaterialUpdate":false,"showSkybox":false,"showFlares":true,"showImageEffects":true,"showParticleSystems":true},"in2DMode":false,"pivot":{"x":-0.1386895328760147,"y":0.26017242670059206,"z":0.010215514339506626},"rotation":{"x":-0.0012492944952100516,"y":-0.996175229549408,"z":0.08628276735544205,"w":-0.01433491986244917},"size":3.867845058441162,"orthographic":false}