{"cameraMode":{"drawMode":0,"name":"Shaded","section":"Shading Mode"},"sceneLighting":false,"audioPlay":false,"sceneViewState":{"showFog":true,"showMaterialUpdate":false,"showSkybox":false,"showFlares":true,"showImageEffects":true,"showParticleSystems":true},"in2DMode":false,"pivot":{"x":-4.132416725158691,"y":0.8516669273376465,"z":-2.1201021671295168},"rotation":{"x":-0.05421418696641922,"y":-0.43476447463035586,"z":0.02631807141005993,"w":-0.8985829949378967},"size":11.058404922485352,"orthographic":false}