{"cameraMode":{"drawMode":0,"name":"Shaded","section":"Shading Mode"},"sceneLighting":false,"audioPlay":false,"sceneViewState":{"showFog":true,"showMaterialUpdate":false,"showSkybox":false,"showFlares":true,"showImageEffects":true,"showParticleSystems":true},"in2DMode":false,"pivot":{"x":-0.06488731503486633,"y":0.9437278509140015,"z":-0.0388866662979126},"rotation":{"x":-0.01811756007373333,"y":-0.9768498539924622,"z":0.19232651591300965,"w":-0.09198501706123352},"size":2.926882743835449,"orthographic":false}