{"cameraMode":{"drawMode":0,"name":"Shaded","section":"Shading Mode"},"sceneLighting":false,"audioPlay":false,"sceneViewState":{"showFog":true,"showMaterialUpdate":false,"showSkybox":false,"showFlares":true,"showImageEffects":true,"showParticleSystems":true},"in2DMode":false,"pivot":{"x":-1.5757472515106202,"y":-0.8554113507270813,"z":-2.6826794147491457},"rotation":{"x":-0.15428990125656129,"y":-0.5706151127815247,"z":0.11028385907411576,"w":-0.7990813851356506},"size":7.150543689727783,"orthographic":false}