{"cameraMode":{"drawMode":0,"name":"Shaded","section":"Shading Mode"},"sceneLighting":false,"audioPlay":false,"sceneViewState":{"showFog":true,"showMaterialUpdate":false,"showSkybox":false,"showFlares":true,"showImageEffects":true,"showParticleSystems":true},"in2DMode":false,"pivot":{"x":0.1091235876083374,"y":0.8813890218734741,"z":-0.008822686970233918},"rotation":{"x":0.001311443280428648,"y":0.9899927377700806,"z":-0.009217186830937863,"w":0.14082559943199159},"size":2.5930869579315187,"orthographic":false}