{"cameraMode":{"drawMode":0,"name":"Shaded","section":"Shading Mode"},"sceneLighting":false,"audioPlay":false,"sceneViewState":{"showFog":true,"showMaterialUpdate":false,"showSkybox":false,"showFlares":true,"showImageEffects":true,"showParticleSystems":true},"in2DMode":false,"pivot":{"x":-2.499994993209839,"y":-0.09739792346954346,"z":-5.0},"rotation":{"x":-0.047198403626680377,"y":-0.8482245206832886,"z":0.07684223353862763,"w":-0.521998941898346},"size":18.450353622436525,"orthographic":false}