{"cameraMode":{"drawMode":0,"name":"Shaded","section":"Shading Mode"},"sceneLighting":false,"audioPlay":false,"sceneViewState":{"showFog":true,"showMaterialUpdate":false,"showSkybox":false,"showFlares":true,"showImageEffects":true,"showParticleSystems":true},"in2DMode":false,"pivot":{"x":-0.4798297882080078,"y":-0.4943682551383972,"z":-3.965178966522217},"rotation":{"x":-0.08057424426078797,"y":-0.7278060913085938,"z":0.08692477643489838,"w":-0.6755377054214478},"size":7.338739395141602,"orthographic":false}