{"cameraMode":{"drawMode":0,"name":"Shaded","section":"Shading Mode"},"sceneLighting":true,"audioPlay":false,"sceneViewState":{"showFog":true,"showMaterialUpdate":false,"showSkybox":true,"showFlares":true,"showImageEffects":true,"showParticleSystems":true},"in2DMode":false,"pivot":{"x":-52.647926330566409,"y":4.310295104980469,"z":-20.388906478881837},"rotation":{"x":0.6865895986557007,"y":-0.05865328386425972,"z":0.055735837668180469,"w":0.7225311398506165},"size":190.78053283691407,"orthographic":false}