{"cameraMode":{"drawMode":0,"name":"Shaded","section":"Shading Mode"},"sceneLighting":false,"audioPlay":false,"sceneViewState":{"showFog":true,"showMaterialUpdate":false,"showSkybox":false,"showFlares":true,"showImageEffects":true,"showParticleSystems":true},"in2DMode":false,"pivot":{"x":-35.36870193481445,"y":-0.45003318786621096,"z":-37.55707931518555},"rotation":{"x":-0.04437846690416336,"y":0.9225132465362549,"z":-0.36696428060531618,"w":-0.11152872443199158},"size":34.12577819824219,"orthographic":false}