{"cameraMode":{"drawMode":0,"name":"Shaded","section":"Shading Mode"},"sceneLighting":false,"audioPlay":false,"sceneViewState":{"showFog":true,"showMaterialUpdate":false,"showSkybox":false,"showFlares":true,"showImageEffects":true,"showParticleSystems":true},"in2DMode":false,"pivot":{"x":-8.04281997680664,"y":0.7515722513198853,"z":3.8757994174957277},"rotation":{"x":-0.06964243203401566,"y":-0.7076801061630249,"z":0.0705595389008522,"w":-0.699615478515625},"size":22.301523208618165,"orthographic":false}