{"cameraMode":{"drawMode":0,"name":"Shaded","section":"Shading Mode"},"sceneLighting":true,"audioPlay":false,"sceneViewState":{"showFog":true,"showMaterialUpdate":false,"showSkybox":true,"showFlares":true,"showImageEffects":true,"showParticleSystems":true},"in2DMode":false,"pivot":{"x":-2.8327693939208986,"y":0.029792308807373048,"z":-1.0064926147460938},"rotation":{"x":0.03566114604473114,"y":0.9641920924186707,"z":-0.19434571266174317,"w":0.17692930996418},"size":22.0,"orthographic":false}