{"cameraMode":{"drawMode":0,"name":"Shaded","section":"Shading Mode"},"sceneLighting":false,"audioPlay":false,"sceneViewState":{"showFog":true,"showMaterialUpdate":false,"showSkybox":false,"showFlares":true,"showImageEffects":true,"showParticleSystems":true},"in2DMode":false,"pivot":{"x":2.6609575748443605,"y":-2.0652709007263185,"z":-2.9326746463775636},"rotation":{"x":-0.09570310264825821,"y":-0.6900362968444824,"z":0.09294098615646362,"w":-0.7114444375038147},"size":9.008404731750489,"orthographic":false}