{"cameraMode":{"drawMode":0,"name":"Shaded","section":"Shading Mode"},"sceneLighting":false,"audioPlay":false,"sceneViewState":{"showFog":true,"showMaterialUpdate":false,"showSkybox":false,"showFlares":true,"showImageEffects":true,"showParticleSystems":true},"in2DMode":false,"pivot":{"x":0.10922199487686157,"y":0.862159788608551,"z":-0.008137576282024384},"rotation":{"x":0.10690680891275406,"y":-0.5149303674697876,"z":0.06491130590438843,"w":0.8480638861656189},"size":4.962691307067871,"orthographic":false}