{"cameraMode":{"drawMode":0,"name":"Shaded","section":"Shading Mode"},"sceneLighting":true,"audioPlay":false,"sceneViewState":{"showFog":true,"showMaterialUpdate":false,"showSkybox":true,"showFlares":true,"showImageEffects":true,"showParticleSystems":true},"in2DMode":false,"pivot":{"x":1.238175392150879,"y":182.50582885742188,"z":-50.99473571777344},"rotation":{"x":0.597846508026123,"y":0.0026497533544898035,"z":-0.0019832018297165634,"w":0.8016153573989868},"size":12.245189666748047,"orthographic":true}