{"cameraMode":{"drawMode":0,"name":"Shaded","section":"Shading Mode"},"sceneLighting":true,"audioPlay":false,"sceneViewState":{"showFog":true,"showMaterialUpdate":false,"showSkybox":true,"showFlares":true,"showImageEffects":true,"showParticleSystems":true},"in2DMode":false,"pivot":{"x":-1.5705914497375489,"y":-0.3815399408340454,"z":-0.3118526041507721},"rotation":{"x":0.13487643003463746,"y":-0.7744030952453613,"z":0.17626582086086274,"w":0.5925061106681824},"size":6.5773606300354,"orthographic":false}