{"cameraMode":{"drawMode":0,"name":"Shaded","section":"Shading Mode"},"sceneLighting":false,"audioPlay":false,"sceneViewState":{"showFog":true,"showMaterialUpdate":false,"showSkybox":false,"showFlares":true,"showImageEffects":true,"showParticleSystems":true},"in2DMode":false,"pivot":{"x":0.10751581192016602,"y":0.9767165184020996,"z":-0.04755539447069168},"rotation":{"x":0.10690680891275406,"y":-0.5149303674697876,"z":0.06491130590438843,"w":0.8480638861656189},"size":5.248873710632324,"orthographic":false}