{"cameraMode":{"drawMode":0,"name":"Shaded","section":"Shading Mode"},"sceneLighting":false,"audioPlay":false,"sceneViewState":{"showFog":true,"showMaterialUpdate":false,"showSkybox":false,"showFlares":true,"showImageEffects":true,"showParticleSystems":true},"in2DMode":false,"pivot":{"x":0.10751670598983765,"y":0.8631667494773865,"z":-0.040280312299728397},"rotation":{"x":0.001311443280428648,"y":0.9899927377700806,"z":-0.009217186830937863,"w":0.14082559943199159},"size":5.00623893737793,"orthographic":false}