{"cameraMode":{"drawMode":0,"name":"Shaded","section":"Shading Mode"},"sceneLighting":true,"audioPlay":false,"sceneViewState":{"showFog":true,"showMaterialUpdate":false,"showSkybox":true,"showFlares":true,"showImageEffects":true,"showParticleSystems":true},"in2DMode":false,"pivot":{"x":-0.8080774545669556,"y":1.0671679973602296,"z":0.23815308511257173},"rotation":{"x":-0.0711340457201004,"y":0.8452349305152893,"z":-0.11636346578598023,"w":-0.5167064070701599},"size":8.701720237731934,"orthographic":false}